<application>
  <component name="MaterialThemeConfig">
    <option name="compactMenus" value="true" />
    <option name="compactStatusBar" value="true" />
    <option name="compactTables" value="true" />
    <option name="contrastMode" value="true" />
    <option name="compactDropdowns" value="true" />
    <option name="isCompactMenus" value="true" />
    <option name="isCompactStatusBar" value="true" />
    <option name="isCompactTables" value="true" />
    <option name="isContrastMode" value="true" />
    <option name="isWizardShown" value="true" />
    <option name="pristineConfig" value="false" />
    <option name="useMaterialFont2" value="true" />
    <option name="settingsSelectedTab" value="1" />
    <option name="accentColor" value="009688" />
    <option name="selectedTheme" value="CUSTOM" />
    <option name="userId" value="2290bfea:16a8c297e82:-8000" />
    <option name="version" value="5.2.0" />
  </component>
</application>